{
  "sampled": 500,
  "top_k": 10,
  "query_chars": 160,
  "mode": "default",
  "mrr": 0.7897523809523809,
  "hit_rate_at_1": 0.77,
  "hit_rate_at_3": 0.81,
  "hit_rate_at_5": 0.818,
  "p95_similarity_top1": 0.999999824166298
}
